Structure specifier,Name,ID,Chain,EDIAm,Min EDIA,Median EDIA,Max EDIA,% degree of neighborhood conformity,# well-resolved substructures,% atoms in well-resolved substructures,# no problem,# clash,# not enough density,# too much density,Mean B factor,# occupancy below 1
r,GLU,11,A,0.63,0.51,0.65,0.93,0.22,0,0,3,0,2,0,47.43,0
r,GLN,12,A,0.8,0.61,0.85,0.94,0.11,2,56,7,0,2,0,39.46,0
r,GLU,13,A,0.74,0.54,0.77,0.97,0.18,1,22,6,0,3,0,41.26,0
r,SER,14,A,0.89,0.76,0.92,0.99,0.07,1,67,6,0,0,0,32.87,0
r,VAL,15,A,0.87,0.58,0.97,1,0.1,1,86,6,0,1,0,26.38,0
r,LYS,16,A,0.88,0.69,0.94,0.98,0.08,1,56,5,0,1,0,26.8,0
r,GLU,17,A,0.96,0.88,0.98,1,0.05,1,56,5,0,0,0,26.09,0
r,PHE,18,A,0.98,0.81,1,1.11,0.09,1,100,11,0,0,0,23.5,0
r,LEU,19,A,0.98,0.82,1.02,1.06,0.07,1,100,8,0,0,0,19.93,0
r,ALA,20,A,0.98,0.84,1.03,1.05,0.06,1,100,5,0,0,0,21.94,0
r,LYS,21,A,0.82,0.49,0.985,1.03,0.12,1,56,5,0,1,0,24.83,0
r,ALA,22,A,0.99,0.89,1.02,1.05,0.06,1,100,5,0,0,0,19.31,0
r,LYS,23,A,0.93,0.69,0.97,1.04,0.08,1,89,8,0,1,0,23.38,0
r,GLU,24,A,0.96,0.76,1.01,1.06,0.09,1,89,9,0,0,0,26.59,0
r,GLU,25,A,1.02,0.97,1.02,1.07,0.05,1,100,9,0,0,0,21.99,0
r,PHE,26,A,1.01,0.93,1.02,1.06,0.04,1,100,11,0,0,0,18.97,0
r,LEU,27,A,0.98,0.87,1,1.09,0.06,1,100,8,0,0,0,21.23,0
r,LYS,28,A,0.96,0.86,0.97,1.03,0.04,1,100,9,0,0,0,22.92,0
r,LYS,29,A,0.81,0.43,0.995,1.06,0.1,1,78,7,0,1,0,24.05,0
r,TRP,30,A,1,0.9,1,1.06,0.05,1,100,14,0,0,0,23.2,0
r,GLU,31,A,0.72,0.44,0.81,1.05,0.16,1,44,7,0,2,0,32.21,9
r,SER,32,A,0.89,0.81,0.875,1.01,0.06,1,100,6,0,0,0,29.43,0
r,PRO,33,A,0.94,0.87,0.94,1.03,0.06,1,100,7,0,0,0,29.11,0
r,SER,34,A,0.87,0.69,0.905,0.98,0.09,1,83,5,0,1,0,37.49,0
r,GLN,35,A,0.77,0.46,0.88,1.03,0.18,2,78,8,0,1,0,42.67,0
r,ASN,36,A,0.91,0.82,0.91,1.04,0.11,1,100,8,0,0,0,32.66,0
r,THR,37,A,0.98,0.91,0.98,1.04,0.06,1,100,7,0,0,0,28.4,0
r,ALA,38,A,0.96,0.78,1,1.05,0.09,1,80,5,0,0,0,26.86,0
r,GLN,39,A,0.91,0.72,0.93,1.05,0.07,1,89,9,0,0,0,32.41,0
r,LEU,40,A,0.89,0.79,0.9,1.02,0.07,1,75,7,0,0,1,24.55,0
r,ASP,41,A,0.93,0.8,0.955,1,0.07,1,100,8,0,0,0,27.83,0
r,HIS,42,A,0.92,0.79,0.92,1.06,0.07,1,90,10,0,0,0,26.74,0
r,PHE,43,A,1.01,0.9,1.01,1.08,0.06,1,100,11,0,0,0,20.08,0
r,ASP,44,A,1.05,1,1.05,1.1,0.06,1,100,8,0,0,0,18.72,0
r,ARG,45,A,0.98,0.82,1.01,1.08,0.08,1,100,11,0,0,0,22.4,0
r,ILE,46,A,0.95,0.72,1.045,1.07,0.08,1,88,7,0,1,0,17.26,8
r,LYS,47,A,1,0.86,1.05,1.11,0.05,1,100,9,0,0,0,19.54,0
r,THR,48,A,1.02,0.95,1.04,1.06,0.03,1,100,7,0,0,0,17.36,0
r,LEU,49,A,0.98,0.88,1.005,1.04,0.06,1,100,8,0,0,0,20.89,0
r,GLY,50,A,1.01,0.97,1.01,1.04,0.05,1,100,4,0,0,0,24.27,0
r,THR,51,A,0.73,0.46,0.89,1.01,0.19,1,57,5,0,2,0,39.31,0
r,GLY,52,A,0.56,0.43,0.62,0.75,0.29,0,0,3,0,1,0,45.91,0
r,PHE,54,A,0.72,0.52,0.78,0.89,0.12,1,27,6,0,0,0,42.39,0
r,GLY,55,A,0.72,0.59,0.735,1.02,0.2,1,50,2,0,2,0,37.85,0
r,ARG,56,A,0.9,0.72,0.98,1.03,0.11,2,82,10,0,1,0,32.83,0
r,VAL,57,A,0.98,0.78,1.07,1.09,0.1,1,86,6,0,1,0,20.3,0
r,MET,58,A,0.7,0.4,0.835,1.07,0.21,1,63,6,0,2,0,18.97,8
r,LEU,59,A,1,0.83,1.045,1.07,0.06,1,100,8,0,0,0,15.86,0
r,VAL,60,A,1,0.88,1.03,1.08,0.08,1,100,7,0,0,0,16.11,0
r,LYS,61,A,0.89,0.6,1.02,1.11,0.07,1,78,7,0,2,0,23.64,0
r,HIS,62,A,1.02,0.95,1.025,1.06,0.04,1,100,10,0,0,0,23.49,0
r,LYS,63,A,0.94,0.73,0.97,1.07,0.06,1,89,9,0,0,0,26.56,0
r,GLU,64,A,0.86,0.74,0.9,0.92,0.06,1,44,4,0,0,1,30.14,0
r,THR,65,A,0.93,0.84,0.93,1.05,0.07,1,100,6,0,0,1,27.53,0
r,GLY,66,A,0.97,0.91,0.965,1.04,0.04,1,100,4,0,0,0,24.44,0
r,ASN,67,A,0.95,0.83,0.96,1.08,0.11,1,100,8,0,0,0,26.14,0
r,HIS,68,A,1.03,0.95,1.035,1.09,0.03,1,100,10,0,0,0,20.62,0
r,TYR,69,A,1.01,0.95,1,1.09,0.05,1,100,12,0,0,0,20.23,0
r,ALA,70,A,0.99,0.89,1.03,1.08,0.08,1,100,5,0,0,0,18.21,0
r,MET,71,A,0.92,0.6,1.02,1.07,0.11,1,88,7,0,1,0,20.32,0
r,LYS,72,A,1.01,0.88,1.02,1.09,0.05,1,100,9,0,0,0,22.56,0
r,ILE,73,A,0.88,0.59,0.965,1.06,0.13,1,88,7,0,1,0,25.17,0
r,LEU,74,A,0.85,0.55,0.97,1.07,0.13,1,75,7,0,1,0,28.35,0
r,ASP,75,A,0.9,0.73,0.91,1.04,0.11,2,88,7,0,1,0,32.83,0
r,LYS,76,A,0.87,0.82,0.87,0.97,0.04,1,100,8,0,0,1,32.12,0
r,GLN,77,A,0.8,0.64,0.81,0.89,0.08,2,56,8,0,1,0,42.26,0
r,LYS,78,A,0.79,0.55,0.875,0.98,0.11,1,56,5,0,1,0,41.1,0
r,VAL,79,A,0.81,0.61,0.85,0.99,0.12,1,86,6,0,0,1,39.77,0
r,VAL,80,A,0.63,0.36,0.73,0.8,0.13,0,0,2,0,2,3,46.47,0
r,LYS,81,A,0.58,0.33,0.72,0.87,0.22,1,22,1,0,1,3,49.04,0
r,LEU,82,A,0.25,0.07,0.64,0.81,0.24,0,0,2,0,1,2,51.23,0
r,LYS,83,A,0.63,0.54,0.64,0.75,0.11,0,0,2,0,0,3,47.11,0
r,GLN,84,A,0.57,0.28,0.8,0.95,0.17,1,22,4,0,1,0,35.2,0
r,ILE,85,A,0.84,0.53,0.975,1.06,0.12,1,75,7,0,1,0,27.91,0
r,GLU,86,A,0.52,0.24,0.88,1.1,0.17,1,56,5,0,4,0,65.37,0
r,HIS,87,A,1.02,0.95,1.035,1.07,0.06,1,100,10,0,0,0,22.68,0
r,THR,88,A,0.96,0.72,1.03,1.06,0.09,1,86,6,0,1,0,23.98,7
r,LEU,89,A,0.97,0.83,1.03,1.07,0.1,1,100,8,0,0,0,22.71,0
r,ASN,90,A,0.99,0.93,0.985,1.08,0.07,1,100,8,0,0,0,22.24,0
r,GLU,91,A,1,0.85,1.03,1.05,0.07,1,100,9,0,0,0,21.28,0
r,LYS,92,A,0.98,0.9,0.96,1.1,0.04,1,100,9,0,0,0,23.6,0
r,ARG,93,A,0.95,0.7,1,1.08,0.07,1,82,10,0,1,0,24.81,0
r,ILE,94,A,1,0.89,1.02,1.07,0.06,1,100,8,0,0,0,19.47,0
r,LEU,95,A,0.94,0.74,1.025,1.05,0.11,1,75,7,0,1,0,22.69,0
r,GLN,96,A,1.01,0.91,1.02,1.06,0.04,1,100,9,0,0,0,21.83,0
r,ALA,97,A,1.01,0.87,1.06,1.06,0.05,1,100,5,0,0,0,18.81,0
r,VAL,98,A,0.99,0.88,1.03,1.06,0.06,1,100,7,0,0,0,18.62,0
r,ASN,99,A,1.02,0.88,1.045,1.11,0.07,1,100,8,0,0,0,21.81,0
r,PHE,100,A,1.04,0.94,1.05,1.13,0.05,1,100,11,0,0,0,17.72,0
r,PRO,101,A,1.04,0.94,1.02,1.14,0.06,1,100,7,0,0,0,18.15,0
r,PHE,102,A,1.05,1,1.06,1.1,0.04,1,100,11,0,0,0,16.88,0
r,LEU,103,A,1.01,0.88,1.035,1.09,0.05,1,100,8,0,0,0,18.96,0
r,VAL,104,A,0.73,0.48,0.9,1.03,0.14,1,57,5,0,2,0,28.37,0
r,LYS,105,A,0.94,0.79,0.98,1.02,0.07,1,44,5,0,0,0,24.09,0
r,LEU,106,A,0.89,0.71,0.93,1.06,0.13,1,75,7,0,1,0,24.1,0
r,GLU,107,A,0.67,0.31,0.94,1.07,0.24,1,56,6,0,2,1,32.65,0
r,PHE,108,A,0.97,0.89,0.97,1.03,0.05,1,100,11,0,0,0,25.16,0
r,SER,109,A,1.01,0.95,1.02,1.05,0.03,1,100,6,0,0,0,23.34,0
r,PHE,110,A,0.93,0.87,0.92,1.02,0.06,1,100,11,0,0,0,25.37,0
r,LYS,111,A,0.91,0.78,0.92,1.02,0.08,1,67,9,0,0,0,28.03,0
r,ASP,112,A,0.88,0.79,0.87,0.97,0.09,1,88,8,0,0,0,29.47,0
r,ASN,113,A,0.83,0.71,0.84,0.92,0.09,2,75,8,0,0,0,34.3,0
r,SER,114,A,0.88,0.76,0.905,0.97,0.09,1,67,6,0,0,0,29.35,0
r,ASN,115,A,0.94,0.78,0.95,1.05,0.1,1,88,8,0,0,0,27.8,0
r,LEU,116,A,0.95,0.82,0.95,1.08,0.14,1,100,8,0,0,0,23.52,0
r,TYR,117,A,0.94,0.84,0.975,1.04,0.05,1,100,12,0,0,0,22.45,0
r,MET,118,A,0.92,0.65,0.975,1.07,0.09,1,88,7,0,1,0,23.3,0
r,VAL,119,A,0.99,0.87,1.02,1.07,0.08,1,100,7,0,0,0,19.44,0
r,MET,120,A,0.63,0.36,0.915,1.02,0.21,1,63,6,0,2,0,21.84,8
r,GLU,121,A,0.84,0.62,0.98,1.11,0.11,1,56,7,0,2,0,25.87,3
r,TYR,122,A,1.05,0.98,1.06,1.11,0.05,1,100,12,0,0,0,16.94,0
r,VAL,123,A,0.92,0.69,1.03,1.09,0.09,1,86,6,0,1,0,19.81,0
r,PRO,124,A,0.77,0.39,1.02,1.11,0.23,1,86,6,0,1,0,18.18,7
r,GLY,125,A,1.04,1,1.04,1.08,0.05,1,100,4,0,0,0,16.41,0
r,GLY,126,A,1.02,0.98,1.04,1.04,0.04,1,100,4,0,0,0,16.29,0
r,GLU,127,A,1.03,0.96,1.03,1.09,0.04,1,100,9,0,0,0,18.38,0
r,MET,128,A,1.01,0.9,1.035,1.07,0.05,1,100,8,0,0,0,15.41,0
r,PHE,129,A,0.98,0.86,0.99,1.08,0.04,1,100,11,0,0,0,21.02,0
r,SER,130,A,1.02,0.9,1.045,1.1,0.05,1,100,6,0,0,0,16.17,6
r,HIS,131,A,1.04,0.94,1.055,1.07,0.05,1,100,10,0,0,0,17.31,0
r,LEU,132,A,1.02,0.92,1.035,1.08,0.06,1,100,8,0,0,0,15.91,0
r,ARG,133,A,0.96,0.78,0.99,1.09,0.08,1,91,11,0,0,0,23.23,0
r,ARG,134,A,0.93,0.82,0.97,1.04,0.06,1,100,11,0,0,0,27.68,0
r,ILE,135,A,0.86,0.68,0.91,0.99,0.12,1,50,5,0,0,0,25.19,0
r,GLY,136,A,1.03,1,1.035,1.07,0.03,1,100,4,0,0,0,19.48,0
r,ARG,137,A,0.91,0.62,1,1.04,0.07,1,82,10,0,1,0,22.17,11
r,PHE,138,A,1.05,0.97,1.06,1.11,0.04,1,100,11,0,0,0,16.31,0
r,SEP,139,A,0.93,0.74,1.025,1.06,0.11,1,80,10,0,0,0,23.58,0
r,GLU,140,A,1.06,1.02,1.06,1.11,0.03,1,100,9,0,0,0,15.38,0
r,PRO,141,A,1.05,1.01,1.05,1.09,0.04,1,100,7,0,0,0,15.34,0
r,HIS,142,A,1.04,0.98,1.045,1.11,0.04,1,100,10,0,0,0,16.27,0
r,ALA,143,A,1.06,1.01,1.07,1.08,0.02,1,100,5,0,0,0,13.3,0
r,ARG,144,A,1.02,0.92,1.03,1.1,0.05,1,100,11,0,0,0,15.32,0
r,PHE,145,A,1.03,0.96,1.06,1.1,0.02,1,100,11,0,0,0,15.4,0
r,TYR,146,A,1.07,1.01,1.08,1.11,0.03,1,100,12,0,0,0,13.84,0
r,ALA,147,A,1.03,0.96,1.04,1.12,0.07,1,100,5,0,0,0,12.89,0
r,ALA,148,A,1.04,0.99,1.05,1.07,0.03,1,100,5,0,0,0,13.4,0
r,GLN,149,A,1.07,1.03,1.07,1.11,0.03,1,100,9,0,0,0,13.83,0
r,ILE,150,A,1.03,0.88,1.065,1.09,0.05,1,100,8,0,0,0,12.82,0
r,VAL,151,A,1.03,0.92,1.05,1.1,0.06,1,100,7,0,0,0,13.25,0
r,LEU,152,A,1,0.84,1.06,1.09,0.07,1,100,8,0,0,0,15.53,0
r,THR,153,A,1.06,1.01,1.07,1.1,0.03,1,100,7,0,0,0,13.63,0
r,PHE,154,A,1.06,1.03,1.06,1.09,0.01,1,100,11,0,0,0,13.55,0
r,GLU,155,A,1.05,1.01,1.05,1.08,0.03,1,100,9,0,0,0,17.38,0
r,TYR,156,A,1.04,0.98,1.035,1.1,0.03,1,100,12,0,0,0,15.03,0
r,LEU,157,A,1.05,0.98,1.06,1.1,0.05,1,100,8,0,0,0,13.91,0
r,HIS,158,A,1.04,0.97,1.05,1.1,0.06,1,100,10,0,0,0,14.7,0
r,SER,159,A,0.98,0.86,1.01,1.05,0.05,1,100,6,0,0,0,17.95,0
r,LEU,160,A,0.95,0.81,0.995,1.05,0.07,1,100,8,0,0,0,19.07,0
r,ASP,161,A,1.02,0.97,1.02,1.06,0.04,1,100,8,0,0,0,20.51,0
r,LEU,162,A,1.04,0.95,1.05,1.1,0.06,1,100,8,0,0,0,16.69,0
r,ILE,163,A,0.93,0.72,1.03,1.12,0.12,1,88,7,0,1,0,18.38,0
r,TYR,164,A,1.04,0.93,1.055,1.11,0.05,1,100,12,0,0,0,14.47,0
r,ARG,165,A,1.04,0.99,1.04,1.12,0.04,1,100,11,0,0,0,15.88,0
r,ASP,166,A,1.05,0.99,1.06,1.11,0.06,1,100,8,0,0,0,17.85,0
r,LEU,167,A,1.04,0.95,1.065,1.09,0.04,1,100,8,0,0,0,13.27,0
r,LYS,168,A,1.03,0.95,1.07,1.1,0.05,1,100,9,0,0,0,16.36,0
r,PRO,169,A,1.05,0.97,1.07,1.12,0.04,1,100,7,0,0,0,16.28,0
r,GLU,170,A,0.98,0.86,1.01,1.09,0.04,1,100,9,0,0,0,20.25,0
r,ASN,171,A,1.05,1.01,1.055,1.09,0.05,1,100,8,0,0,0,16.22,0
r,LEU,172,A,1.03,0.93,1.045,1.11,0.09,1,100,8,0,0,0,15.34,0
r,LEU,173,A,1,0.85,1.05,1.08,0.07,1,100,8,0,0,0,17.03,0
r,ILE,174,A,0.99,0.74,1.065,1.09,0.08,1,88,7,0,1,0,17.77,0
r,ASP,175,A,1.08,1.03,1.08,1.11,0.03,1,100,8,0,0,0,16.88,0
r,GLN,176,A,1.04,0.96,1.05,1.11,0.08,1,56,5,0,0,0,21.5,0
r,GLN,177,A,0.9,0.61,1.03,1.07,0.1,1,56,5,0,1,0,20.99,0
r,GLY,178,A,1.07,1.01,1.08,1.1,0.05,1,100,4,0,0,0,16.89,0
r,TYR,179,A,1.07,1.03,1.065,1.12,0.05,1,100,12,0,0,0,16.87,0
r,ILE,180,A,0.98,0.72,1.07,1.11,0.1,1,88,7,0,1,0,18.89,0
r,GLN,181,A,0.94,0.76,0.98,1.1,0.11,1,89,9,0,0,0,23.76,0
r,VAL,182,A,0.92,0.7,0.99,1.03,0.09,1,86,6,0,1,0,23.28,0
r,THR,183,A,0.78,0.55,0.84,0.94,0.09,1,86,6,0,1,0,31.03,7
r,ASP,184,A,0.86,0.71,0.89,1.02,0.13,1,75,8,0,0,0,22.78,8
r,PHE,185,A,0.99,0.87,1,1.08,0.05,1,100,11,0,0,0,20.09,0
r,GLY,186,A,1.03,0.97,1.045,1.09,0.07,1,100,4,0,0,0,17.86,0
r,PHE,187,A,1.02,0.95,1.03,1.08,0.03,1,100,11,0,0,0,18.5,0
r,ALA,188,A,1.02,0.88,1.06,1.08,0.07,1,100,5,0,0,0,14.97,0
r,LYS,189,A,0.99,0.94,0.99,1.06,0.03,1,100,9,0,0,0,18.78,0
r,ARG,190,A,1.01,0.94,1.03,1.09,0.05,1,100,11,0,0,0,21.28,0
r,VAL,191,A,0.92,0.73,1.03,1.07,0.13,1,71,5,0,2,0,22.09,0
r,LYS,192,A,0.49,0.28,0.58,1.01,0.21,1,33,4,0,5,0,30.28,9
r,GLY,193,A,0.85,0.72,0.875,1.07,0.22,1,50,2,0,1,1,26.22,4
r,ARG,194,A,0.87,0.65,0.97,1.11,0.14,1,55,9,0,2,0,31.14,0
r,THR,195,A,1,0.83,1.03,1.05,0.04,1,100,7,0,0,0,19.44,0
r,TRP,196,A,1,0.86,1.015,1.07,0.07,1,100,14,0,0,0,21.29,0
r,TPO,197,A,0.95,0.87,0.93,1.08,0.05,1,100,10,0,0,1,22.96,0
r,LEU,198,A,0.84,0.6,0.89,1.05,0.09,1,75,7,0,1,0,26.13,0
r,CYS,199,A,0.95,0.8,0.98,1.05,0.07,1,100,6,0,0,0,25.52,0
r,GLY,200,A,0.93,0.86,0.94,1,0.13,1,100,4,0,0,0,26.51,0
r,THR,201,A,0.96,0.86,0.99,1.02,0.04,1,100,7,0,0,0,24.16,0
r,PRO,202,A,1.03,0.97,1.04,1.08,0.04,1,100,7,0,0,0,21.3,0
r,GLU,203,A,1.02,0.93,1.06,1.09,0.06,1,100,9,0,0,0,21.76,0
r,TYR,204,A,0.85,0.59,0.94,1.11,0.13,2,67,10,0,2,0,15.82,12
r,LEU,205,A,1.04,0.98,1.045,1.12,0.05,1,100,8,0,0,0,17.39,0
r,ALA,206,A,1.04,0.92,1.07,1.09,0.06,1,100,5,0,0,0,16.04,0
r,PRO,207,A,1.03,0.97,1.05,1.12,0.06,1,100,7,0,0,0,16.95,0
r,GLU,208,A,1.05,1.02,1.06,1.1,0.03,1,100,9,0,0,0,16.14,0
r,ILE,209,A,1,0.9,1.03,1.05,0.05,1,100,8,0,0,0,18.13,0
r,ILE,210,A,0.96,0.78,1,1.1,0.09,1,88,7,0,1,0,22,0
r,LEU,211,A,0.88,0.67,0.965,1.07,0.15,1,75,6,0,2,0,23.7,0
r,SER,212,A,0.95,0.93,0.95,1,0.03,1,100,6,0,0,0,25.54,0
r,LYS,213,A,0.8,0.56,0.95,1.02,0.09,1,67,8,0,1,0,27.86,0
r,GLY,214,A,0.94,0.83,0.98,1.03,0.13,1,100,4,0,0,0,22.89,0
r,TYR,215,A,1.03,0.97,1.04,1.1,0.04,1,100,12,0,0,0,17.31,0
r,ASN,216,A,0.92,0.59,1.04,1.09,0.09,1,88,7,0,1,0,17.87,8
r,LYS,217,A,0.94,0.76,1.01,1.07,0.05,1,89,8,0,1,0,22.52,0
r,ALA,218,A,1.05,0.97,1.06,1.09,0.04,1,100,5,0,0,0,14.66,0
r,VAL,219,A,1.03,0.9,1.05,1.09,0.06,1,100,7,0,0,0,13.93,0
r,ASP,220,A,1.07,1,1.08,1.1,0.04,1,100,8,0,0,0,13.5,0
r,TRP,221,A,1.04,0.96,1.055,1.1,0.04,1,100,14,0,0,0,13.79,0
r,TRP,222,A,1.05,1,1.055,1.09,0.02,1,100,14,0,0,0,13.89,0
r,ALA,223,A,1.04,0.94,1.04,1.11,0.07,1,100,5,0,0,0,12.23,0
r,LEU,224,A,1.06,1,1.085,1.12,0.04,1,100,8,0,0,0,13.28,0
r,GLY,225,A,1.05,1.03,1.045,1.09,0.02,1,100,4,0,0,0,12.27,0
r,VAL,226,A,1.05,0.99,1.06,1.08,0.03,1,100,7,0,0,0,13.09,0
r,LEU,227,A,1.05,0.98,1.07,1.09,0.04,1,100,8,0,0,0,13.71,0
r,ILE,228,A,1.02,0.92,1.04,1.1,0.05,1,100,8,0,0,0,13.16,0
r,TYR,229,A,1.05,0.99,1.045,1.11,0.05,1,100,12,0,0,0,14.96,0
r,GLU,230,A,1.03,0.96,1.05,1.07,0.03,1,100,9,0,0,0,16.81,0
r,MET,231,A,1.04,0.94,1.05,1.12,0.07,1,100,8,0,0,0,14.17,0
r,ALA,232,A,1.01,0.98,1.02,1.05,0.03,1,100,5,0,0,0,14.6,0
r,ALA,233,A,1.03,0.92,1.06,1.09,0.05,1,100,5,0,0,0,16.4,0
r,GLY,234,A,1.06,1.05,1.05,1.09,0.01,1,100,4,0,0,0,17.91,0
r,TYR,235,A,1.01,0.95,1.015,1.1,0.06,1,100,12,0,0,0,19.97,0
r,PRO,236,A,1.01,0.93,1.03,1.09,0.05,1,100,7,0,0,0,19.64,0
r,PRO,237,A,1.05,0.98,1.06,1.1,0.05,1,100,7,0,0,0,18.52,0
r,PHE,238,A,1.01,0.93,1.01,1.11,0.04,1,100,11,0,0,0,22.21,0
r,PHE,239,A,0.67,0.32,0.91,0.97,0.14,1,55,6,0,2,0,34.45,0
r,ALA,240,A,0.92,0.85,0.94,0.98,0.05,1,100,5,0,0,0,34.74,0
r,ASP,241,A,0.72,0.56,0.78,0.92,0.18,1,38,6,0,1,1,37.66,8
r,GLN,242,A,0.72,0.53,0.81,0.91,0.15,1,44,7,0,2,0,44.98,0
r,PRO,243,A,0.89,0.82,0.9,0.96,0.05,1,100,6,0,0,1,38.26,0
r,ILE,244,A,0.53,0.21,0.82,0.91,0.16,1,63,5,0,1,1,38.47,0
r,GLN,245,A,0.69,0.33,0.84,1,0.15,2,67,7,0,1,1,37.75,0
r,ILE,246,A,0.93,0.78,0.97,1.06,0.08,1,88,7,0,1,0,26.29,0
r,TYR,247,A,0.96,0.88,0.995,1.06,0.09,1,100,12,0,0,0,29.98,0
r,GLU,248,A,0.82,0.5,0.985,1.04,0.11,1,56,5,0,1,0,28.82,0
r,LYS,249,A,0.84,0.44,1.01,1.03,0.08,1,89,8,0,1,0,29.16,0
r,ILE,250,A,1.02,0.95,1.03,1.08,0.05,1,100,8,0,0,0,21.28,0
r,VAL,251,A,0.74,0.43,1.02,1.05,0.2,1,71,5,0,2,0,28.23,0
r,SER,252,A,0.89,0.78,0.94,0.97,0.07,1,83,6,0,0,0,34.33,0
r,GLY,253,A,0.82,0.67,0.885,0.91,0.08,1,75,4,0,0,0,35.42,0
r,LYS,254,A,0.84,0.75,0.86,0.96,0.1,1,33,4,0,0,1,32.84,0
r,VAL,255,A,0.64,0.29,0.92,1.01,0.21,1,71,5,0,2,0,29.08,7
r,ARG,256,A,0.93,0.75,0.98,1.04,0.09,1,36,5,0,0,0,26.75,0
r,PHE,257,A,1,0.87,1.01,1.09,0.09,1,100,11,0,0,0,20.52,0
r,PRO,258,A,1.04,0.99,1.06,1.09,0.05,1,100,7,0,0,0,20.34,0
r,SER,259,A,0.95,0.76,1.015,1.04,0.06,1,83,6,0,0,0,26.94,0
r,HIS,260,A,1.04,0.94,1.065,1.11,0.07,1,100,10,0,0,0,19.31,0
r,PHE,261,A,1.06,1,1.05,1.12,0.05,1,100,11,0,0,0,16.16,0
r,SER,262,A,1.05,0.99,1.055,1.1,0.04,1,100,6,0,0,0,15.8,0
r,SER,263,A,1.05,1,1.06,1.11,0.05,1,100,6,0,0,0,17.81,0
r,ASP,264,A,1.04,0.97,1.05,1.07,0.04,1,100,8,0,0,0,18.57,0
r,LEU,265,A,1.02,0.83,1.06,1.09,0.06,1,100,8,0,0,0,15.26,0
r,LYS,266,A,0.99,0.82,1.03,1.08,0.04,1,100,9,0,0,0,18.92,0
r,ASP,267,A,1.07,1.03,1.075,1.1,0.04,1,100,8,0,0,0,17.29,0
r,LEU,268,A,1.01,0.88,1.055,1.1,0.08,1,100,8,0,0,0,14.57,0
r,LEU,269,A,1.03,0.93,1.05,1.08,0.05,1,100,8,0,0,0,14.59,0
r,ARG,270,A,0.92,0.74,1,1.11,0.09,2,82,11,0,0,0,26.02,0
r,ASN,271,A,1.05,0.97,1.06,1.09,0.05,1,100,8,0,0,0,17.02,0
r,LEU,272,A,1.03,0.91,1.05,1.09,0.04,1,100,8,0,0,0,14.12,0
r,LEU,273,A,1.04,0.93,1.055,1.1,0.04,1,100,8,0,0,0,16.6,0
r,GLN,274,A,1.03,0.93,1.05,1.1,0.06,1,100,9,0,0,0,19.8,0
r,VAL,275,A,0.92,0.62,1.05,1.08,0.13,1,86,6,0,1,0,19.68,0
r,ASP,276,A,1.03,0.97,1.04,1.08,0.05,1,100,8,0,0,0,18.61,0
r,LEU,277,A,0.99,0.84,1.04,1.09,0.09,1,100,8,0,0,0,17.79,0
r,THR,278,A,1,0.76,1.05,1.08,0.06,1,86,6,0,1,0,19.32,0
r,LYS,279,A,1.03,0.96,1.03,1.09,0.03,1,100,9,0,0,0,21.69,0
r,ARG,280,A,1.05,0.97,1.06,1.09,0.04,1,100,11,0,0,0,15.05,0
r,PHE,281,A,0.99,0.85,1.06,1.09,0.04,1,100,11,0,0,0,19.58,0
r,GLY,282,A,1.05,1,1.06,1.08,0.05,1,100,4,0,0,0,18.75,0
r,ASN,283,A,1.04,1,1.025,1.1,0.05,1,100,8,0,0,0,21.78,0
r,LEU,284,A,0.94,0.78,0.99,1.05,0.09,1,88,7,0,1,0,24.12,0
r,LYS,285,A,0.93,0.87,0.95,0.96,0.03,1,56,5,0,0,0,26.52,0
r,ASN,286,A,0.83,0.6,0.87,1.07,0.11,1,75,8,0,0,0,31.51,0
r,GLY,287,A,0.99,0.95,0.995,1.04,0.06,1,100,4,0,0,0,20.03,0
r,VAL,288,A,0.98,0.85,1.03,1.06,0.08,1,100,7,0,0,0,18.11,0
r,ASN,289,A,0.96,0.79,0.995,1.07,0.09,1,88,8,0,0,0,21.45,0
r,ASP,290,A,1.02,0.97,1.03,1.06,0.03,1,100,8,0,0,0,19.19,0
r,ILE,291,A,0.99,0.85,1.015,1.08,0.09,1,100,8,0,0,0,15.67,0
r,LYS,292,A,1.01,0.91,1.04,1.07,0.04,1,100,9,0,0,0,19.5,0
r,ASN,293,A,0.99,0.81,1.035,1.08,0.1,1,100,8,0,0,0,23.23,0
r,HIS,294,A,1.06,1.01,1.055,1.1,0.05,1,100,10,0,0,0,16.25,0
r,LYS,295,A,0.7,0.31,1.02,1.08,0.11,1,56,6,0,3,0,23.18,0
r,TRP,296,A,1.03,0.96,1.04,1.08,0.04,1,100,14,0,0,0,14.3,0
r,PHE,297,A,1.05,0.95,1.06,1.1,0.04,1,100,11,0,0,0,14.99,0
r,ALA,298,A,1.02,0.86,1.08,1.09,0.07,1,100,5,0,0,0,17.46,0
r,THR,299,A,1.02,0.92,1.03,1.07,0.04,1,100,7,0,0,0,18.17,0
r,THR,300,A,1.07,1.03,1.07,1.08,0.01,1,100,7,0,0,0,17.19,0
r,ASP,301,A,1.02,0.9,1.04,1.09,0.08,1,100,8,0,0,0,22.11,0
r,TRP,302,A,1.05,0.98,1.05,1.11,0.04,1,100,14,0,0,0,17.52,0
r,ILE,303,A,0.94,0.78,1,1.06,0.09,1,88,8,0,0,0,22.3,0
r,ALA,304,A,1.01,0.92,1.04,1.07,0.07,1,100,5,0,0,0,20.23,0
r,ILE,305,A,1.02,0.91,1.05,1.09,0.05,1,100,8,0,0,0,18.93,0
r,TYR,306,A,1.03,0.96,1.04,1.06,0.03,1,100,12,0,0,0,21.97,0
r,GLN,307,A,0.91,0.64,1,1.03,0.1,1,89,8,0,1,0,28.05,0
r,ARG,308,A,0.92,0.75,0.96,1.05,0.09,2,82,11,0,0,0,29.34,0
r,LYS,309,A,0.9,0.62,0.94,1.04,0.08,1,89,8,0,1,0,28.65,0
r,VAL,310,A,0.98,0.85,1.03,1.08,0.07,1,100,7,0,0,0,22.13,0
r,GLU,311,A,0.89,0.7,0.93,1.05,0.1,1,78,9,0,0,0,31.22,0
r,ALA,312,A,1.01,0.94,1.01,1.07,0.06,1,100,5,0,0,0,20.85,0
r,PRO,313,A,0.99,0.91,0.99,1.04,0.04,1,100,7,0,0,0,21.22,0
r,PHE,314,A,0.87,0.7,0.88,1.06,0.09,2,82,10,0,1,0,24.2,0
r,ILE,315,A,0.86,0.62,0.965,1.04,0.11,1,75,7,0,1,0,25.45,0
r,PRO,316,A,1.01,0.88,1.04,1.08,0.06,1,100,7,0,0,0,21.67,0
r,LYS,317,A,0.93,0.64,1.05,1.06,0.09,1,56,5,0,1,0,21.51,0
r,PHE,318,A,0.99,0.9,1.02,1.07,0.04,1,100,11,0,0,0,21.46,0
r,LYS,319,A,0.86,0.52,1.005,1.09,0.09,1,67,7,0,1,0,25.17,0
r,GLY,320,A,1.08,1.03,1.085,1.11,0.06,1,100,4,0,0,0,20.11,0
r,PRO,321,A,1.02,0.94,1.03,1.14,0.07,1,100,7,0,0,0,20.93,0
r,GLY,322,A,1.06,1,1.07,1.09,0.05,1,100,4,0,0,0,18.75,0
r,ASP,323,A,0.94,0.77,1.01,1.07,0.07,1,88,8,0,0,0,17.14,8
r,THR,324,A,1.04,0.91,1.07,1.11,0.05,1,100,7,0,0,0,16.89,0
r,SER,325,A,0.91,0.62,1.06,1.09,0.11,1,83,5,0,1,0,16.6,6
r,ASN,326,A,1.04,0.93,1.045,1.09,0.08,1,100,8,0,0,0,17.63,0
r,PHE,327,A,1.03,0.95,1.04,1.09,0.05,1,100,11,0,0,0,17.31,0
r,ASP,328,A,1.01,0.92,1.025,1.12,0.08,1,100,8,0,0,0,21.76,0
r,ASP,329,A,1.06,0.98,1.075,1.09,0.05,1,100,8,0,0,0,20,0
r,TYR,330,A,0.99,0.85,1.01,1.11,0.08,1,100,12,0,0,0,23.5,0
r,GLU,331,A,0.97,0.77,1.04,1.06,0.09,1,89,9,0,0,0,26.72,0
r,GLU,332,A,1.03,0.96,1.05,1.1,0.06,1,100,9,0,0,0,19.62,0
r,GLU,333,A,0.94,0.8,1.01,1.08,0.12,1,100,9,0,0,0,29.78,0
r,GLU,334,A,0.98,0.91,1,1.05,0.08,1,100,9,0,0,0,26.23,0
r,ILE,335,A,0.84,0.55,0.91,1,0.08,1,88,7,0,1,0,33.9,0
r,ARG,336,A,0.78,0.55,0.89,0.95,0.15,1,36,4,0,1,0,35.82,0
r,VAL,337,A,0.79,0.62,0.84,0.95,0.12,1,57,6,0,1,0,34.46,0
r,SEP,338,A,0.58,0.36,0.66,0.94,0.14,1,20,5,0,0,5,40.71,0
r,ILE,339,A,0.6,0.35,0.73,0.91,0.19,0,0,3,0,1,1,44.2,0
r,ASN,340,A,0.53,0.33,0.565,0.82,0.15,1,25,2,0,4,4,50,0
r,GLU,341,A,0.72,0.59,0.73,0.97,0.12,1,22,6,0,1,2,46.39,0
r,LYS,342,A,0.7,0.41,0.86,0.96,0.12,1,56,5,0,2,0,38.34,0
r,CYS,343,A,0.74,0.61,0.76,0.86,0.08,1,33,2,0,0,4,40.82,0
r,GLY,344,A,0.83,0.74,0.835,0.93,0.08,1,75,3,0,0,1,39.36,0
r,LYS,345,A,0.72,0.49,0.805,0.86,0.12,1,22,2,0,1,3,38.42,6
r,GLU,346,A,0.76,0.6,0.79,0.93,0.15,2,44,8,0,0,1,40.33,0
r,PHE,347,A,0.93,0.85,0.94,1.02,0.06,1,100,11,0,0,0,30.95,0
r,THR,348,A,0.83,0.65,0.88,0.99,0.06,1,71,6,0,1,0,34.63,0
r,GLU,349,A,0.88,0.76,0.9,1,0.11,1,44,5,0,0,0,30.25,0
r,PHE,350,A,0.97,0.89,0.975,1.08,0.06,1,100,12,0,0,0,25.51,0
m,274,401,A,0.78,0.45,0.84,1.01,0.12,1,75,13,0,3,0,39.32,0
m,274,501,A,0.9,0.74,0.915,1.04,0.09,1,88,15,0,1,0,29.43,0
m,274,601,A,0.46,0.14,0.58,0.82,0.16,0,0,8,0,8,0,59.89,0
m,274,701,A,0.16,0,0.655,0.86,0.26,1,13,8,0,8,2,50.01,16
m,DMS,1,D,0.58,0.46,0.6,0.77,0.22,0,0,1,0,2,1,68.56,0
m,DMS,7,D,0.25,0.12,0.41,0.81,0.5,0,0,1,0,3,0,81.9,0
m,DMS,9,D,0.29,0.17,0.38,0.9,0.59,0,0,1,0,3,0,71.6,0
m,DMS,13,D,0.38,0.21,0.52,1,0.58,0,0,1,0,3,0,72.85,0
m,DMS,14,D,0.39,0.3,0.365,0.89,0.55,0,0,1,0,3,0,76.68,0
m,DMS,15,D,0.73,0.55,0.78,1.04,0.34,1,50,2,0,2,0,31.86,4
